{"ProjectName":"dfgdf","Date":"2021-06-02T14:42:42.8465452+02:00","Person":{"LastName":"qdsgqfdvqdvf","FirstName":null},"HomeType":null,"Version":null,"Comment":null,"Floors":[{"FloorName":"RDC","WallHeight":0.0,"Rooms":[{"Name":"Pièce","Type":null,"Walls":[{"Thickness":0.1,"Height":3.0,"IsBearingWall":false,"P1":{"x":-1.07649469,"y":1.0736326,"z":0.0},"P2":{"x":-3.64505959,"y":-1.57396662,"z":0.0},"Color":{"a":1.0,"r":0.784313738,"g":0.784313738,"b":0.784313738},"Index":0,"Openings":[],"Length":3.68880844,"OutsideLength":3.68,"InsideLength":3.68,"Direction":{"x":-0.6963129,"y":-0.71773833,"z":0.0},"Perpendicular":{"x":-0.71773833,"y":0.6963129,"z":0.0},"Center":{"x":-2.36077714,"y":-0.250167,"z":0.0},"IsLocked":false,"Position":{"x":-2.36077714,"y":-0.250167,"z":0.0},"Rotation":0.0,"Size":{"x":0.0,"y":0.0,"z":0.0},"EulerAngles":{"x":0.0,"y":0.0,"z":0.0},"AssociatedElement":null,"IsOnWall":false,"CanBePutOnFurniture":false,"Id":0},{"Thickness":0.1,"Height":3.0,"IsBearingWall":false,"P1":{"x":-3.64505959,"y":-1.57396662,"z":0.0},"P2":{"x":-3.05231357,"y":-2.66066647,"z":0.0},"Color":{"a":1.0,"r":0.784313738,"g":0.784313738,"b":0.784313738},"Index":2,"Openings":[],"Length":1.23784673,"OutsideLength":1.23,"InsideLength":1.23,"Direction":{"x":0.4788525,"y":-0.8778953,"z":0.0},"Perpendicular":{"x":-0.8778953,"y":-0.4788525,"z":0.0},"Center":{"x":-3.3486867,"y":-2.11731648,"z":0.0},"IsLocked":false,"Position":{"x":-3.3486867,"y":-2.11731648,"z":0.0},"Rotation":0.0,"Size":{"x":0.0,"y":0.0,"z":0.0},"EulerAngles":{"x":0.0,"y":0.0,"z":0.0},"AssociatedElement":null,"IsOnWall":false,"CanBePutOnFurniture":false,"Id":1},{"Thickness":0.1,"Height":3.0,"IsBearingWall":false,"P1":{"x":-3.05231357,"y":-2.66066647,"z":0.0},"P2":{"x":0.4844029,"y":-3.15462255,"z":0.0},"Color":{"a":1.0,"r":0.784313738,"g":0.784313738,"b":0.784313738},"Index":3,"Openings":[],"Length":3.57104421,"OutsideLength":3.57,"InsideLength":3.57,"Direction":{"x":0.9903872,"y":-0.138322592,"z":0.0},"Perpendicular":{"x":-0.138322592,"y":-0.9903872,"z":0.0},"Center":{"x":-1.28395534,"y":-2.90764451,"z":0.0},"IsLocked":false,"Position":{"x":-1.28395534,"y":-2.90764451,"z":0.0},"Rotation":0.0,"Size":{"x":0.0,"y":0.0,"z":0.0},"EulerAngles":{"x":0.0,"y":0.0,"z":0.0},"AssociatedElement":null,"IsOnWall":false,"CanBePutOnFurniture":false,"Id":2},{"Thickness":0.1,"Height":3.0,"IsBearingWall":false,"P1":{"x":0.4844029,"y":-3.15462255,"z":0.0},"P2":{"x":4.343378,"y":-2.66066647,"z":0.0},"Color":{"a":1.0,"r":0.784313738,"g":0.784313738,"b":0.784313738},"Index":4,"Openings":[],"Length":3.89046049,"OutsideLength":3.89,"InsideLength":3.89,"Direction":{"x":0.99190706,"y":0.12696597,"z":0.0},"Perpendicular":{"x":0.12696597,"y":-0.99190706,"z":0.0},"Center":{"x":2.41389036,"y":-2.90764451,"z":0.0},"IsLocked":false,"Position":{"x":2.41389036,"y":-2.90764451,"z":0.0},"Rotation":0.0,"Size":{"x":0.0,"y":0.0,"z":0.0},"EulerAngles":{"x":0.0,"y":0.0,"z":0.0},"AssociatedElement":null,"IsOnWall":false,"CanBePutOnFurniture":false,"Id":3},{"Thickness":0.1,"Height":3.0,"IsBearingWall":false,"P1":{"x":4.343378,"y":-2.66066647,"z":0.0},"P2":{"x":5.957424,"y":-3.47075415,"z":0.0},"Color":{"a":1.0,"r":0.784313738,"g":0.784313738,"b":0.784313738},"Index":5,"Openings":[],"Length":1.805931,"OutsideLength":1.8,"InsideLength":1.8,"Direction":{"x":0.8937474,"y":-0.448570669,"z":0.0},"Perpendicular":{"x":-0.448570669,"y":-0.8937474,"z":0.0},"Center":{"x":5.150401,"y":-3.06571031,"z":0.0},"IsLocked":false,"Position":{"x":5.150401,"y":-3.06571031,"z":0.0},"Rotation":0.0,"Size":{"x":0.0,"y":0.0,"z":0.0},"EulerAngles":{"x":0.0,"y":0.0,"z":0.0},"AssociatedElement":null,"IsOnWall":false,"CanBePutOnFurniture":false,"Id":4},{"Thickness":0.1,"Height":3.0,"IsBearingWall":false,"P1":{"x":5.957424,"y":-3.47075415,"z":0.0},"P2":{"x":7.676386,"y":-1.47517538,"z":0.0},"Color":{"a":1.0,"r":0.784313738,"g":0.784313738,"b":0.784313738},"Index":6,"Openings":[],"Length":2.63384962,"OutsideLength":2.63,"InsideLength":2.63,"Direction":{"x":0.6526423,"y":0.7576662,"z":0.0},"Perpendicular":{"x":0.7576662,"y":-0.6526423,"z":0.0},"Center":{"x":6.816905,"y":-2.47296476,"z":0.0},"IsLocked":false,"Position":{"x":6.816905,"y":-2.47296476,"z":0.0},"Rotation":0.0,"Size":{"x":0.0,"y":0.0,"z":0.0},"EulerAngles":{"x":0.0,"y":0.0,"z":0.0},"AssociatedElement":null,"IsOnWall":false,"CanBePutOnFurniture":false,"Id":5},{"Thickness":0.1,"Height":3.0,"IsBearingWall":false,"P1":{"x":7.676386,"y":-1.47517538,"z":0.0},"P2":{"x":5.246128,"y":0.955083132,"z":0.0},"Color":{"a":1.0,"r":0.784313738,"g":0.784313738,"b":0.784313738},"Index":7,"Openings":[],"Length":3.436904,"OutsideLength":3.43,"InsideLength":3.43,"Direction":{"x":-0.7071067,"y":0.7071069,"z":0.0},"Perpendicular":{"x":0.7071069,"y":0.7071067,"z":0.0},"Center":{"x":6.461257,"y":-0.260046124,"z":0.0},"IsLocked":false,"Position":{"x":6.461257,"y":-0.260046124,"z":0.0},"Rotation":0.0,"Size":{"x":0.0,"y":0.0,"z":0.0},"EulerAngles":{"x":0.0,"y":0.0,"z":0.0},"AssociatedElement":null,"IsOnWall":false,"CanBePutOnFurniture":false,"Id":6},{"Thickness":0.1,"Height":3.0,"IsBearingWall":false,"P1":{"x":5.246128,"y":0.955083132,"z":0.0},"P2":{"x":1.98602724,"y":1.84420311,"z":0.0},"Color":{"a":1.0,"r":0.784313738,"g":0.784313738,"b":0.784313738},"Index":8,"Openings":[],"Length":3.37917018,"OutsideLength":3.37,"InsideLength":3.37,"Direction":{"x":-0.964763761,"y":0.26311785,"z":0.0},"Perpendicular":{"x":0.26311785,"y":0.964763761,"z":0.0},"Center":{"x":3.61607766,"y":1.39964318,"z":0.0},"IsLocked":false,"Position":{"x":3.61607766,"y":1.39964318,"z":0.0},"Rotation":0.0,"Size":{"x":0.0,"y":0.0,"z":0.0},"EulerAngles":{"x":0.0,"y":0.0,"z":0.0},"AssociatedElement":null,"IsOnWall":false,"CanBePutOnFurniture":false,"Id":7},{"Thickness":0.1,"Height":3.0,"IsBearingWall":false,"P1":{"x":1.98602724,"y":1.84420311,"z":0.0},"P2":{"x":-1.07649469,"y":1.0736326,"z":0.0},"Color":{"a":1.0,"r":0.784313738,"g":0.784313738,"b":0.784313738},"Index":9,"Openings":[],"Length":3.157977,"OutsideLength":3.15,"InsideLength":3.15,"Direction":{"x":-0.9697733,"y":-0.244007632,"z":0.0},"Perpendicular":{"x":-0.244007632,"y":0.9697733,"z":0.0},"Center":{"x":0.454766273,"y":1.45891786,"z":0.0},"IsLocked":false,"Position":{"x":0.454766273,"y":1.45891786,"z":0.0},"Rotation":0.0,"Size":{"x":0.0,"y":0.0,"z":0.0},"EulerAngles":{"x":0.0,"y":0.0,"z":0.0},"AssociatedElement":null,"IsOnWall":false,"CanBePutOnFurniture":false,"Id":8}],"Height":3.0,"Ceil":{"Color":{"a":1.0,"r":1.0,"g":1.0,"b":1.0}},"Ground":{"Color":{"a":1.0,"r":0.784313738,"g":0.784313738,"b":0.784313738}},"LockAngles":false,"IsLocked":false,"Position":{"x":1.99109757,"y":-1.23588157,"z":0.0},"Rotation":0.0,"Size":{"x":0.0,"y":0.0,"z":0.0},"EulerAngles":{"x":0.0,"y":0.0,"z":0.0},"AssociatedElement":null,"IsOnWall":false,"CanBePutOnFurniture":false,"Id":0}],"Walls":[],"Furnitures":[],"Stairs":[],"TextZoneElements":[],"Groups":[],"Characters":[]}],"CurrentFloorIdx":0,"WallThickness":0.1,"WallHeight":3.0}