{"ProjectName":"dfgdf","Date":"2021-06-02T14:42:42.8465452+02:00","Person":{"LastName":"qdsgqfdvqdvf","FirstName":null},"HomeType":null,"Version":null,"Comment":null,"Floors":[{"FloorName":"RDC","WallHeight":0.0,"Rooms":[{"Name":"Pièce","Type":null,"Walls":[{"Thickness":0.1,"Height":3.0,"IsBearingWall":false,"P1":{"x":-2.297944,"y":2.340321,"z":0.0},"P2":{"x":-4.86650944,"y":-0.307278216,"z":0.0},"Color":{"a":1.0,"r":0.784313738,"g":0.784313738,"b":0.784313738},"Index":0,"Openings":[],"Length":3.68880868,"OutsideLength":3.68,"InsideLength":3.68,"Direction":{"x":-0.696312964,"y":-0.7177383,"z":0.0},"Perpendicular":{"x":-0.7177383,"y":0.696312964,"z":0.0},"Center":{"x":-3.58222675,"y":1.01652145,"z":0.0},"IsLocked":false,"Position":{"x":-3.58222675,"y":1.01652145,"z":0.0},"Rotation":0.0,"Size":{"x":0.0,"y":0.0,"z":0.0},"EulerAngles":{"x":0.0,"y":0.0,"z":0.0},"AssociatedElement":null,"IsOnWall":false,"CanBePutOnFurniture":false,"Id":0},{"Thickness":0.1,"Height":3.0,"IsBearingWall":false,"P1":{"x":-4.86650944,"y":-0.307278216,"z":0.0},"P2":{"x":-4.273763,"y":-1.39397836,"z":0.0},"Color":{"a":1.0,"r":0.784313738,"g":0.784313738,"b":0.784313738},"Index":2,"Openings":[],"Length":1.23784709,"OutsideLength":1.23,"InsideLength":1.23,"Direction":{"x":0.47885257,"y":-0.877895355,"z":0.0},"Perpendicular":{"x":-0.877895355,"y":-0.47885257,"z":0.0},"Center":{"x":-4.570136,"y":-0.850628257,"z":0.0},"IsLocked":false,"Position":{"x":-4.570136,"y":-0.850628257,"z":0.0},"Rotation":0.0,"Size":{"x":0.0,"y":0.0,"z":0.0},"EulerAngles":{"x":0.0,"y":0.0,"z":0.0},"AssociatedElement":null,"IsOnWall":false,"CanBePutOnFurniture":false,"Id":1},{"Thickness":0.1,"Height":3.0,"IsBearingWall":false,"P1":{"x":-4.273763,"y":-1.39397836,"z":0.0},"P2":{"x":-0.7370467,"y":-1.88793433,"z":0.0},"Color":{"a":1.0,"r":0.784313738,"g":0.784313738,"b":0.784313738},"Index":3,"Openings":[],"Length":3.571044,"OutsideLength":3.57,"InsideLength":3.57,"Direction":{"x":0.990387261,"y":-0.138322562,"z":0.0},"Perpendicular":{"x":-0.138322562,"y":-0.990387261,"z":0.0},"Center":{"x":-2.505405,"y":-1.6409564,"z":0.0},"IsLocked":false,"Position":{"x":-2.505405,"y":-1.6409564,"z":0.0},"Rotation":0.0,"Size":{"x":0.0,"y":0.0,"z":0.0},"EulerAngles":{"x":0.0,"y":0.0,"z":0.0},"AssociatedElement":null,"IsOnWall":false,"CanBePutOnFurniture":false,"Id":2},{"Thickness":0.1,"Height":3.0,"IsBearingWall":false,"P1":{"x":-0.7370467,"y":-1.88793433,"z":0.0},"P2":{"x":3.121928,"y":-1.39397836,"z":0.0},"Color":{"a":1.0,"r":0.784313738,"g":0.784313738,"b":0.784313738},"Index":4,"Openings":[],"Length":3.89046,"OutsideLength":3.89,"InsideLength":3.89,"Direction":{"x":0.99190706,"y":0.126965955,"z":0.0},"Perpendicular":{"x":0.126965955,"y":-0.99190706,"z":0.0},"Center":{"x":1.19244063,"y":-1.6409564,"z":0.0},"IsLocked":false,"Position":{"x":1.19244063,"y":-1.6409564,"z":0.0},"Rotation":0.0,"Size":{"x":0.0,"y":0.0,"z":0.0},"EulerAngles":{"x":0.0,"y":0.0,"z":0.0},"AssociatedElement":null,"IsOnWall":false,"CanBePutOnFurniture":false,"Id":3},{"Thickness":0.1,"Height":3.0,"IsBearingWall":false,"P1":{"x":3.121928,"y":-1.39397836,"z":0.0},"P2":{"x":4.735974,"y":-2.2040658,"z":0.0},"Color":{"a":1.0,"r":0.784313738,"g":0.784313738,"b":0.784313738},"Index":5,"Openings":[],"Length":1.80593073,"OutsideLength":1.8,"InsideLength":1.8,"Direction":{"x":0.8937474,"y":-0.4485706,"z":0.0},"Perpendicular":{"x":-0.4485706,"y":-0.8937474,"z":0.0},"Center":{"x":3.92895079,"y":-1.79902208,"z":0.0},"IsLocked":false,"Position":{"x":3.92895079,"y":-1.79902208,"z":0.0},"Rotation":0.0,"Size":{"x":0.0,"y":0.0,"z":0.0},"EulerAngles":{"x":0.0,"y":0.0,"z":0.0},"AssociatedElement":null,"IsOnWall":false,"CanBePutOnFurniture":false,"Id":4},{"Thickness":0.1,"Height":3.0,"IsBearingWall":false,"P1":{"x":4.735974,"y":-2.2040658,"z":0.0},"P2":{"x":6.454936,"y":-0.208487034,"z":0.0},"Color":{"a":1.0,"r":0.784313738,"g":0.784313738,"b":0.784313738},"Index":6,"Openings":[],"Length":2.63384986,"OutsideLength":2.63,"InsideLength":2.63,"Direction":{"x":0.6526424,"y":0.7576661,"z":0.0},"Perpendicular":{"x":0.7576661,"y":-0.6526424,"z":0.0},"Center":{"x":5.595455,"y":-1.20627642,"z":0.0},"IsLocked":false,"Position":{"x":5.595455,"y":-1.20627642,"z":0.0},"Rotation":0.0,"Size":{"x":0.0,"y":0.0,"z":0.0},"EulerAngles":{"x":0.0,"y":0.0,"z":0.0},"AssociatedElement":null,"IsOnWall":false,"CanBePutOnFurniture":false,"Id":5},{"Thickness":0.1,"Height":3.0,"IsBearingWall":false,"P1":{"x":6.454936,"y":-0.208487034,"z":0.0},"P2":{"x":4.02467775,"y":2.22177148,"z":0.0},"Color":{"a":1.0,"r":0.784313738,"g":0.784313738,"b":0.784313738},"Index":7,"Openings":[],"Length":3.43690443,"OutsideLength":3.43,"InsideLength":3.43,"Direction":{"x":-0.7071067,"y":0.7071068,"z":0.0},"Perpendicular":{"x":0.7071068,"y":0.7071067,"z":0.0},"Center":{"x":5.239807,"y":1.00664222,"z":0.0},"IsLocked":false,"Position":{"x":5.239807,"y":1.00664222,"z":0.0},"Rotation":0.0,"Size":{"x":0.0,"y":0.0,"z":0.0},"EulerAngles":{"x":0.0,"y":0.0,"z":0.0},"AssociatedElement":null,"IsOnWall":false,"CanBePutOnFurniture":false,"Id":6},{"Thickness":0.1,"Height":3.0,"IsBearingWall":false,"P1":{"x":4.02467775,"y":2.22177148,"z":0.0},"P2":{"x":0.7645779,"y":3.11089182,"z":0.0},"Color":{"a":1.0,"r":0.784313738,"g":0.784313738,"b":0.784313738},"Index":8,"Openings":[],"Length":3.37916946,"OutsideLength":3.37,"InsideLength":3.37,"Direction":{"x":-0.964763641,"y":0.263118,"z":0.0},"Perpendicular":{"x":0.263118,"y":0.964763641,"z":0.0},"Center":{"x":2.39462781,"y":2.66633177,"z":0.0},"IsLocked":false,"Position":{"x":2.39462781,"y":2.66633177,"z":0.0},"Rotation":0.0,"Size":{"x":0.0,"y":0.0,"z":0.0},"EulerAngles":{"x":0.0,"y":0.0,"z":0.0},"AssociatedElement":null,"IsOnWall":false,"CanBePutOnFurniture":false,"Id":7},{"Thickness":0.1,"Height":3.0,"IsBearingWall":false,"P1":{"x":0.7645779,"y":3.11089182,"z":0.0},"P2":{"x":-2.297944,"y":2.340321,"z":0.0},"Color":{"a":1.0,"r":0.784313738,"g":0.784313738,"b":0.784313738},"Index":9,"Openings":[],"Length":3.157977,"OutsideLength":3.15,"InsideLength":3.15,"Direction":{"x":-0.9697733,"y":-0.2440077,"z":0.0},"Perpendicular":{"x":-0.2440077,"y":0.9697733,"z":0.0},"Center":{"x":-0.7666831,"y":2.72560644,"z":0.0},"IsLocked":false,"Position":{"x":-0.7666831,"y":2.72560644,"z":0.0},"Rotation":0.0,"Size":{"x":0.0,"y":0.0,"z":0.0},"EulerAngles":{"x":0.0,"y":0.0,"z":0.0},"AssociatedElement":null,"IsOnWall":false,"CanBePutOnFurniture":false,"Id":8}],"Height":3.0,"Ceil":{"Color":{"a":1.0,"r":1.0,"g":1.0,"b":1.0}},"Ground":{"Color":{"a":1.0,"r":0.784313738,"g":0.784313738,"b":0.784313738}},"LockAngles":false,"IsLocked":false,"Position":{"x":0.7696477,"y":0.0308069382,"z":0.0},"Rotation":0.0,"Size":{"x":0.0,"y":0.0,"z":0.0},"EulerAngles":{"x":0.0,"y":0.0,"z":0.0},"AssociatedElement":null,"IsOnWall":false,"CanBePutOnFurniture":false,"Id":0}],"Walls":[],"Furnitures":[],"Stairs":[],"TextZoneElements":[],"Groups":[],"Characters":[]}],"CurrentFloorIdx":0,"WallThickness":0.1,"WallHeight":3.0}