{"ProjectName":"dfgdf","Date":"2021-06-02T14:42:42.8465452+02:00","Person":{"LastName":"qdsgqfdvqdvf","FirstName":null},"HomeType":null,"Version":null,"Comment":null,"Floors":[{"FloorName":"RDC","WallHeight":0.0,"Rooms":[{"Name":"Pièce","Type":null,"Walls":[{"Thickness":0.1,"Height":3.0,"IsBearingWall":false,"P1":{"x":-2.09437037,"y":2.11412764,"z":0.0},"P2":{"x":-4.662936,"y":-0.533471346,"z":0.0},"Color":{"a":1.0,"r":0.784313738,"g":0.784313738,"b":0.784313738},"Index":0,"Openings":[],"Length":3.688809,"OutsideLength":3.68,"InsideLength":3.68,"Direction":{"x":-0.6963131,"y":-0.717738152,"z":0.0},"Perpendicular":{"x":-0.717738152,"y":0.6963131,"z":0.0},"Center":{"x":-3.37865329,"y":0.790328145,"z":0.0},"IsLocked":false,"Position":{"x":-3.37865329,"y":0.790328145,"z":0.0},"Rotation":0.0,"Size":{"x":0.0,"y":0.0,"z":0.0},"EulerAngles":{"x":0.0,"y":0.0,"z":0.0},"AssociatedElement":null,"IsOnWall":false,"CanBePutOnFurniture":false,"Id":0},{"Thickness":0.1,"Height":3.0,"IsBearingWall":false,"P1":{"x":-4.662936,"y":-0.533471346,"z":0.0},"P2":{"x":-4.07018948,"y":-1.620172,"z":0.0},"Color":{"a":1.0,"r":0.784313738,"g":0.784313738,"b":0.784313738},"Index":2,"Openings":[],"Length":1.23784781,"OutsideLength":1.23,"InsideLength":1.23,"Direction":{"x":0.4788527,"y":-0.877895236,"z":0.0},"Perpendicular":{"x":-0.877895236,"y":-0.4788527,"z":0.0},"Center":{"x":-4.366563,"y":-1.07682168,"z":0.0},"IsLocked":false,"Position":{"x":-4.366563,"y":-1.07682168,"z":0.0},"Rotation":0.0,"Size":{"x":0.0,"y":0.0,"z":0.0},"EulerAngles":{"x":0.0,"y":0.0,"z":0.0},"AssociatedElement":null,"IsOnWall":false,"CanBePutOnFurniture":false,"Id":1},{"Thickness":0.1,"Height":3.0,"IsBearingWall":false,"P1":{"x":-4.07018948,"y":-1.620172,"z":0.0},"P2":{"x":-0.533472538,"y":-2.11412716,"z":0.0},"Color":{"a":1.0,"r":0.784313738,"g":0.784313738,"b":0.784313738},"Index":3,"Openings":[],"Length":3.57104445,"OutsideLength":3.57,"InsideLength":3.57,"Direction":{"x":0.990387261,"y":-0.138322309,"z":0.0},"Perpendicular":{"x":-0.138322309,"y":-0.990387261,"z":0.0},"Center":{"x":-2.301831,"y":-1.86714959,"z":0.0},"IsLocked":false,"Position":{"x":-2.301831,"y":-1.86714959,"z":0.0},"Rotation":0.0,"Size":{"x":0.0,"y":0.0,"z":0.0},"EulerAngles":{"x":0.0,"y":0.0,"z":0.0},"AssociatedElement":null,"IsOnWall":false,"CanBePutOnFurniture":false,"Id":2},{"Thickness":0.1,"Height":3.0,"IsBearingWall":false,"P1":{"x":-0.533472538,"y":-2.11412716,"z":0.0},"P2":{"x":3.32550168,"y":-1.620172,"z":0.0},"Color":{"a":1.0,"r":0.784313738,"g":0.784313738,"b":0.784313738},"Index":4,"Openings":[],"Length":3.8904593,"OutsideLength":3.89,"InsideLength":3.89,"Direction":{"x":0.9919071,"y":0.126965761,"z":0.0},"Perpendicular":{"x":0.126965761,"y":-0.9919071,"z":0.0},"Center":{"x":1.39601457,"y":-1.86714959,"z":0.0},"IsLocked":false,"Position":{"x":1.39601457,"y":-1.86714959,"z":0.0},"Rotation":0.0,"Size":{"x":0.0,"y":0.0,"z":0.0},"EulerAngles":{"x":0.0,"y":0.0,"z":0.0},"AssociatedElement":null,"IsOnWall":false,"CanBePutOnFurniture":false,"Id":3},{"Thickness":0.1,"Height":3.0,"IsBearingWall":false,"P1":{"x":3.32550168,"y":-1.620172,"z":0.0},"P2":{"x":4.93954849,"y":-2.43025827,"z":0.0},"Color":{"a":1.0,"r":0.784313738,"g":0.784313738,"b":0.784313738},"Index":5,"Openings":[],"Length":1.805931,"OutsideLength":1.8,"InsideLength":1.8,"Direction":{"x":0.8937478,"y":-0.4485699,"z":0.0},"Perpendicular":{"x":-0.4485699,"y":-0.8937478,"z":0.0},"Center":{"x":4.132525,"y":-2.02521515,"z":0.0},"IsLocked":false,"Position":{"x":4.132525,"y":-2.02521515,"z":0.0},"Rotation":0.0,"Size":{"x":0.0,"y":0.0,"z":0.0},"EulerAngles":{"x":0.0,"y":0.0,"z":0.0},"AssociatedElement":null,"IsOnWall":false,"CanBePutOnFurniture":false,"Id":4},{"Thickness":0.1,"Height":3.0,"IsBearingWall":false,"P1":{"x":4.93954849,"y":-2.43025827,"z":0.0},"P2":{"x":6.65851,"y":-0.434680223,"z":0.0},"Color":{"a":1.0,"r":0.784313738,"g":0.784313738,"b":0.784313738},"Index":6,"Openings":[],"Length":2.63384914,"OutsideLength":2.63,"InsideLength":2.63,"Direction":{"x":0.6526424,"y":0.757666051,"z":0.0},"Perpendicular":{"x":0.757666051,"y":-0.6526424,"z":0.0},"Center":{"x":5.79902935,"y":-1.43246925,"z":0.0},"IsLocked":false,"Position":{"x":5.79902935,"y":-1.43246925,"z":0.0},"Rotation":0.0,"Size":{"x":0.0,"y":0.0,"z":0.0},"EulerAngles":{"x":0.0,"y":0.0,"z":0.0},"AssociatedElement":null,"IsOnWall":false,"CanBePutOnFurniture":false,"Id":5},{"Thickness":0.1,"Height":3.0,"IsBearingWall":false,"P1":{"x":6.65851,"y":-0.434680223,"z":0.0},"P2":{"x":4.22825432,"y":1.99557829,"z":0.0},"Color":{"a":1.0,"r":0.784313738,"g":0.784313738,"b":0.784313738},"Index":7,"Openings":[],"Length":3.43690276,"OutsideLength":3.43,"InsideLength":3.43,"Direction":{"x":-0.7071064,"y":0.7071071,"z":0.0},"Perpendicular":{"x":0.7071071,"y":0.7071064,"z":0.0},"Center":{"x":5.44338226,"y":0.780449033,"z":0.0},"IsLocked":false,"Position":{"x":5.44338226,"y":0.780449033,"z":0.0},"Rotation":0.0,"Size":{"x":0.0,"y":0.0,"z":0.0},"EulerAngles":{"x":0.0,"y":0.0,"z":0.0},"AssociatedElement":null,"IsOnWall":false,"CanBePutOnFurniture":false,"Id":6},{"Thickness":0.1,"Height":3.0,"IsBearingWall":false,"P1":{"x":4.22825432,"y":1.99557829,"z":0.0},"P2":{"x":0.9681506,"y":2.88469744,"z":0.0},"Color":{"a":1.0,"r":0.784313738,"g":0.784313738,"b":0.784313738},"Index":8,"Openings":[],"Length":3.3791728,"OutsideLength":3.37,"InsideLength":3.37,"Direction":{"x":-0.9647638,"y":0.2631174,"z":0.0},"Perpendicular":{"x":0.2631174,"y":0.9647638,"z":0.0},"Center":{"x":2.59820247,"y":2.44013786,"z":0.0},"IsLocked":false,"Position":{"x":2.59820247,"y":2.44013786,"z":0.0},"Rotation":0.0,"Size":{"x":0.0,"y":0.0,"z":0.0},"EulerAngles":{"x":0.0,"y":0.0,"z":0.0},"AssociatedElement":null,"IsOnWall":false,"CanBePutOnFurniture":false,"Id":7},{"Thickness":0.1,"Height":3.0,"IsBearingWall":false,"P1":{"x":0.9681506,"y":2.88469744,"z":0.0},"P2":{"x":-2.09437037,"y":2.11412764,"z":0.0},"Color":{"a":1.0,"r":0.784313738,"g":0.784313738,"b":0.784313738},"Index":9,"Openings":[],"Length":3.157976,"OutsideLength":3.15,"InsideLength":3.15,"Direction":{"x":-0.9697734,"y":-0.2440075,"z":0.0},"Perpendicular":{"x":-0.2440075,"y":0.9697734,"z":0.0},"Center":{"x":-0.5631099,"y":2.49941254,"z":0.0},"IsLocked":false,"Position":{"x":-0.5631099,"y":2.49941254,"z":0.0},"Rotation":0.0,"Size":{"x":0.0,"y":0.0,"z":0.0},"EulerAngles":{"x":0.0,"y":0.0,"z":0.0},"AssociatedElement":null,"IsOnWall":false,"CanBePutOnFurniture":false,"Id":8}],"Height":3.0,"Ceil":{"Color":{"a":1.0,"r":1.0,"g":1.0,"b":1.0}},"Ground":{"Color":{"a":1.0,"r":0.784313738,"g":0.784313738,"b":0.784313738}},"LockAngles":false,"IsLocked":false,"Position":{"x":0.9732219,"y":-0.19538635,"z":0.0},"Rotation":0.0,"Size":{"x":0.0,"y":0.0,"z":0.0},"EulerAngles":{"x":0.0,"y":0.0,"z":0.0},"AssociatedElement":null,"IsOnWall":false,"CanBePutOnFurniture":false,"Id":0}],"Walls":[],"Furnitures":[],"Stairs":[],"TextZoneElements":[],"Groups":[],"Characters":[]}],"CurrentFloorIdx":0,"WallThickness":0.1,"WallHeight":3.0}